path,line,source
_private/pricing-assets/availability.js,90,"choice.addEventListener('click', () => {"
_private/pricing-assets/availability.js,128,"form.addEventListener('input', () => refresh());"
_private/pricing-assets/availability.js,129,"form.addEventListener('change', () => refresh());"
_private/pricing-assets/availability.js,130,"button.addEventListener('click', () => refresh(true));"
_private/pricing-assets/availability.js,131,"window.addEventListener('pageshow', () => refresh(true));"
_private/pricing-assets/availability.js,132,"window.addEventListener('focus', () => refresh(true));"
_private/pricing-assets/commercial-pricing.js,32,"check.addEventListener('change',()=>{"
_private/pricing-assets/commercial-pricing.js,134,"get('open-estimate').addEventListener('click', () => {"
_private/pricing-assets/commercial-pricing.js,138,"addressFields.forEach(field => { field.addEventListener('input', syncAddress); field.addEventListener('change', syncAddress); });"
_private/pricing-assets/commercial-pricing.js,139,"agentFields.forEach(field => field.addEventListener('input', () => { validateField(field); get('request-status').hidden = true; }));"
_private/pricing-assets/commercial-pricing.js,140,"form.querySelectorAll('[name=category]').forEach(radio => radio.addEventListener('change', () => {"
_private/pricing-assets/commercial-pricing.js,149,"['photo-slider','matterport-sqft','video-duration','aerial-images','plan-sets','video-count','views360-count','license-months','platform-months','hosting-months'].forEach(id=>get(id).addEventListener('input',update));"
_private/pricing-assets/commercial-pricing.js,150,"form.querySelectorAll('[name=licenseType],[name=delivery]').forEach(el=>el.addEventListener('change',update));"
_private/pricing-assets/commercial-pricing.js,151,"get('hosting-prepaid').addEventListener('change',update);"
_private/pricing-assets/commercial-pricing.js,152,"get('review-estimate').addEventListener('click', () => {"
_private/pricing-assets/commercial-pricing.js,174,"['shoot-date','shoot-time'].forEach(id => get(id).addEventListener('input', () => { get(id).setCustomValidity(''); get('request-status').hidden = true; }));"
_private/pricing-assets/commercial-pricing.js,291,"get('email-self').addEventListener('click', () => submitToServer('email_quote'));"
_private/pricing-assets/commercial-pricing.js,292,"get('copy-quote').addEventListener('click', copyQuote);"
_private/pricing-assets/commercial-pricing.js,293,"form.addEventListener('submit', event => { event.preventDefault(); submitToServer('request_appointment'); });"
_private/pricing-assets/commercial-pricing.js,296,"form.addEventListener('input', refreshActionButtons);"
_private/pricing-assets/commercial-pricing.js,297,"form.addEventListener('change', refreshActionButtons);"
_private/pricing-assets/commercial-pricing.js,298,"window.addEventListener('pageshow', () => { syncAddress(); refreshActionButtons(); });"
_private/pricing-assets/pricing-market.js,13,"choices.forEach(choice => choice.addEventListener('change',()=>selectMarket(choice.value)));"
_private/pricing-assets/pricing.js,40,"check.addEventListener('change', () => { if (key === 'photo' || check.checked) selected.add(key); else selected.delete(key); update(); });"
_private/pricing-assets/pricing.js,156,"get('open-estimate').addEventListener('click', () => {"
_private/pricing-assets/pricing.js,160,"addressFields.forEach(field => { field.addEventListener('input', syncAddress); field.addEventListener('change', syncAddress); });"
_private/pricing-assets/pricing.js,161,"agentFields.forEach(field => field.addEventListener('input', () => { validateField(field); get('request-status').hidden = true; }));"
_private/pricing-assets/pricing.js,162,"form.querySelectorAll('[name=category]').forEach(radio => radio.addEventListener('change', () => {"
_private/pricing-assets/pricing.js,169,"form.querySelectorAll('[name=package]').forEach(radio => radio.addEventListener('change', update));"
_private/pricing-assets/pricing.js,170,"get('property-sqft').addEventListener('input', () => { if (get('property-sqft').validity.valid) get('property-slider').value = get('property-sqft').value; update(); });"
_private/pricing-assets/pricing.js,171,"get('property-slider').addEventListener('input', () => { get('property-sqft').value = get('property-slider').value; update(); });"
_private/pricing-assets/pricing.js,172,"get('matterport-sqft').addEventListener('input', () => {"
_private/pricing-assets/pricing.js,177,"get('matterport-slider').addEventListener('input', () => { get('matterport-sqft').value = Number(get('matterport-slider').value) ? get('matterport-slider').value : ''; update(); });"
_private/pricing-assets/pricing.js,186,"get('video-minutes').addEventListener('input', syncVideoSlider);"
_private/pricing-assets/pricing.js,187,"get('video-seconds').addEventListener('input', syncVideoSlider);"
_private/pricing-assets/pricing.js,188,"get('video-slider').addEventListener('input', () => {"
_private/pricing-assets/pricing.js,192,"get('twilight-images').addEventListener('input', update);"
_private/pricing-assets/pricing.js,193,"get('review-estimate').addEventListener('click', () => {"
_private/pricing-assets/pricing.js,215,"['shoot-date','shoot-time'].forEach(id => get(id).addEventListener('input', () => { get(id).setCustomValidity(''); get('request-status').hidden = true; }));"
_private/pricing-assets/pricing.js,332,"get('email-self').addEventListener('click', () => submitToServer('email_quote'));"
_private/pricing-assets/pricing.js,333,"get('copy-quote').addEventListener('click', copyQuote);"
_private/pricing-assets/pricing.js,334,"form.addEventListener('submit', event => { event.preventDefault(); submitToServer('request_appointment'); });"
_private/pricing-assets/pricing.js,337,"form.addEventListener('input', refreshActionButtons);"
_private/pricing-assets/pricing.js,338,"form.addEventListener('change', refreshActionButtons);"
_private/pricing-assets/pricing.js,339,"window.addEventListener('pageshow', () => { syncAddress(); refreshActionButtons(); });"
_private/pricing-assets/scheduling.js,52,"form.addEventListener('input', clearCorrected);"
_private/pricing-assets/scheduling.js,53,"form.addEventListener('change', clearCorrected);"
_private/pricing-assets/scheduling.js,106,"date.addEventListener('input', syncLimits);"
_private/pricing-assets/scheduling.js,107,"form.addEventListener('sitesee:availability', syncLimits);"
_private/pricing-assets/scheduling.js,108,"date.addEventListener('change', syncLimits);"
_private/pricing-assets/scheduling.js,109,"rush.addEventListener('change', () => { date.setCustomValidity(''); time.setCustomValidity(''); syncLimits(); });"
_private/pricing-assets/scheduling.js,110,"window.addEventListener('pageshow', syncLimits);"
_private/pricing-assets/scheduling.js,120,"time.addEventListener('input', showWindow);"
_private/pricing-assets/scheduling.js,121,"time.addEventListener('change', showWindow);"
_private/pricing-assets/scheduling.js,122,"window.addEventListener('pageshow', showWindow);"
_private/pricing-assets/scheduling.js,153,".forEach(field => field.addEventListener('change', sync));"
_private/pricing-assets/scheduling.js,154,"window.addEventListener('pageshow', sync);"
public/assets/js/media-showcase.js,46,"previous?.addEventListener('click', () => move(-1));"
public/assets/js/media-showcase.js,47,"next?.addEventListener('click', () => move(1));"
public/assets/js/media-showcase.js,48,"carousel.addEventListener('mouseenter', stop);"
public/assets/js/media-showcase.js,49,"carousel.addEventListener('mouseleave', start);"
public/assets/js/media-showcase.js,50,"carousel.addEventListener('focusin', stop);"
public/assets/js/media-showcase.js,51,"carousel.addEventListener('focusout', event => {"
public/assets/js/media-showcase.js,54,"reducedMotion.addEventListener('change', start);"
public/assets/js/media-showcase.js,65,"trigger.addEventListener('click', event => {"
public/assets/js/media-showcase.js,75,"dialog?.querySelector('[data-lightbox-close]')?.addEventListener('click', () => dialog.close());"
public/assets/js/media-showcase.js,76,"dialog?.addEventListener('click', event => {"
public/assets/js/pricing-access.js,23,"form.addEventListener('submit', async event => {"
public/assets/js/site.js,13,"menu.addEventListener('click', () => {"
public/assets/js/site.js,18,"navigation.addEventListener('keydown', event => {"
public/assets/js/site.js,21,"document.addEventListener('click', event => {"
public/assets/js/site.js,24,"window.matchMedia('(min-width:991px)').addEventListener('change', closeMenu);"
public/assets/js/site.js,44,"tab.addEventListener('click', () => selectTab(tab));"
public/assets/js/site.js,45,"tab.addEventListener('keydown', event => {"
public/assets/js/site.js,54,"window.addEventListener('hashchange', fromHash);"
public/assets/js/site.js,79,"form.addEventListener('input', () => {"
public/assets/js/site.js,84,"form.addEventListener('change', () => { result.hidden = true; });"
public/assets/js/site.js,85,"form.addEventListener('submit', async event => {"
public/assets/js/turnstile.js,42,"ownScript.addEventListener('load', ready);"
public/assets/js/turnstile.js,43,"ownScript.addEventListener('error', () => finish(new Error('Secure form protection could not load.')));"
public/assets/js/turnstile.js,126,"retry.addEventListener('click', () => {"
public/assets/js/turnstile.js,133,"window.addEventListener('pageshow', event => {"
public/portal-assets/booking-notice.js,67,"for (const event of ['pointerover', 'pointerdown', 'focusin']) env.document.addEventListener(event, e => {"
public/portal-assets/booking-notice.js,70,"env.addEventListener('focus', () => refresh(true));"
public/portal-assets/booking-notice.js,71,"env.addEventListener('pageshow', event => { if (event.persisted) refresh(true); });"
public/portal-assets/booking-notice.js,72,"env.document.addEventListener('visibilitychange', () => {"
public/portal-assets/job-payment.js,8,"form.addEventListener('submit', async event => {"
public/portal-assets/onsite-services.js,58,"row.select.addEventListener('change', () => {"
public/portal-assets/onsite-services.js,78,"input.addEventListener(field.type === 'select' ? 'change' : 'input', () => {"
public/portal-assets/onsite-services.js,92,"remove.addEventListener('click', () => {"
public/portal-assets/onsite-services.js,133,"add.addEventListener('click', () => {"
public/portal-assets/onsite-services.js,136,"form.addEventListener('submit', event => {"
public/portal-assets/order.js,151,"root.addEventListener('click',event=>{"
public/portal-assets/order.js,164,"root.addEventListener('input',event=>{saveInput(event.target);syncNotice();if(event.target.dataset.group==='price'){const current=screen.querySelector('.sp-total');if(current)current.outerHTML=total();}});"
public/portal-assets/order.js,165,"root.addEventListener('change',event=>{"
public/portal-assets/order.js,178,"root.addEventListener('submit',async event=>{"
public/portal-assets/payment.js,5,"form.addEventListener('submit',async event=>{"
